store,dates,end_date,capital_repayment_remaining,monthly_capital_payment,total_capital_repayment_remaining,total_monthly_capital_payment,capital_paid,capital_paid_total,capital_outstanding_total,remaining_capital_to_repay
Lewisham,2022-08-10,2045-09-10,250000,900.0,600000,1945.0,900.0,1945.0,598055.0,249100.0
Lewisham,2022-09-09,2045-09-10,250000,900.0,600000,1945.0,1800.0,3890.0,596110.0,248200.0
Lewisham,2022-10-10,2045-09-10,250000,900.0,600000,1945.0,2700.0,5835.0,594165.0,247300.0
Lewisham,2022-11-09,2045-09-10,250000,900.0,600000,1945.0,3600.0,7780.0,592220.0,246400.0
Lewisham,2022-12-10,2045-09-10,250000,900.0,600000,1945.0,4500.0,9725.0,590275.0,245500.0
Lewisham,2023-01-10,2045-09-10,250000,900.0,600000,1945.0,5400.0,11670.0,588330.0,244600.0
Lewisham,2023-02-07,2045-09-10,250000,900.0,600000,1945.0,6300.0,13615.0,586385.0,243700.0
Lewisham,2023-03-10,2045-09-10,250000,900.0,600000,1945.0,7200.0,15560.0,584440.0,242800.0
Lewisham,2023-04-09,2045-09-10,250000,900.0,600000,1945.0,8100.0,17505.0,582495.0,241900.0
Lewisham,2023-05-10,2045-09-10,250000,900.0,600000,1945.0,9000.0,19450.0,580550.0,241000.0
Lewisham,2023-06-09,2045-09-10,250000,900.0,600000,1945.0,9900.0,21395.0,578605.0,240100.0
Lewisham,2023-07-10,2045-09-10,250000,900.0,600000,1945.0,10800.0,23340.0,576660.0,239200.0
Lewisham,2023-08-10,2045-09-10,250000,900.0,600000,1945.0,11700.0,25285.0,574715.0,238300.0
Lewisham,2023-09-09,2045-09-10,250000,900.0,600000,1945.0,12600.0,27230.0,572770.0,237400.0
Lewisham,2023-10-10,2045-09-10,250000,900.0,600000,1945.0,13500.0,29175.0,570825.0,236500.0
Lewisham,2023-11-09,2045-09-10,250000,900.0,600000,1945.0,14400.0,31120.0,568880.0,235600.0
Lewisham,2023-12-10,2045-09-10,250000,900.0,600000,1945.0,15300.0,33065.0,566935.0,234700.0
Lewisham,2024-01-10,2045-09-10,250000,900.0,600000,1945.0,16200.0,35010.0,564990.0,233800.0
Lewisham,2024-02-08,2045-09-10,250000,900.0,600000,1945.0,17100.0,36955.0,563045.0,232900.0
Lewisham,2024-03-10,2045-09-10,250000,900.0,600000,1945.0,18000.0,38900.0,561100.0,232000.0
Lewisham,2024-04-09,2045-09-10,250000,900.0,600000,1945.0,18900.0,40845.0,559155.0,231100.0
Lewisham,2024-05-10,2045-09-10,250000,900.0,600000,1945.0,19800.0,42790.0,557210.0,230200.0
Lewisham,2024-06-09,2045-09-10,250000,900.0,600000,1945.0,20700.0,44735.0,555265.0,229300.0
Lewisham,2024-07-10,2045-09-10,250000,900.0,600000,1945.0,21600.0,46680.0,553320.0,228400.0
Lewisham,2024-08-10,2045-09-10,250000,900.0,600000,1945.0,22500.0,48625.0,551375.0,227500.0
Lewisham,2024-09-09,2045-09-10,250000,900.0,600000,1945.0,23400.0,50570.0,549430.0,226600.0
Lewisham,2024-10-10,2045-09-10,250000,900.0,600000,1945.0,24300.0,52515.0,547485.0,225700.0
Lewisham,2024-11-09,2045-09-10,250000,900.0,600000,1945.0,25200.0,54460.0,545540.0,224800.0
Lewisham,2024-12-10,2045-09-10,250000,900.0,600000,1945.0,26100.0,56405.0,543595.0,223900.0
Lewisham,2025-01-10,2045-09-10,250000,900.0,600000,1945.0,27000.0,58350.0,541650.0,223000.0
Lewisham,2025-02-07,2045-09-10,250000,900.0,600000,1945.0,27900.0,60295.0,539705.0,222100.0
Lewisham,2025-03-10,2045-09-10,250000,900.0,600000,1945.0,28800.0,62240.0,537760.0,221200.0
Lewisham,2025-04-09,2045-09-10,250000,900.0,600000,1945.0,29700.0,64185.0,535815.0,220300.0
Lewisham,2025-05-10,2045-09-10,250000,900.0,600000,1945.0,30600.0,66130.0,533870.0,219400.0
Lewisham,2025-06-09,2045-09-10,250000,900.0,600000,1945.0,31500.0,68075.0,531925.0,218500.0
Lewisham,2025-07-10,2045-09-10,250000,900.0,600000,1945.0,32400.0,70020.0,529980.0,217600.0
Lewisham,2025-08-10,2045-09-10,250000,900.0,600000,1945.0,33300.0,71965.0,528035.0,216700.0
Lewisham,2025-09-09,2045-09-10,250000,900.0,600000,1945.0,34200.0,73910.0,526090.0,215800.0
Lewisham,2025-10-10,2045-09-10,250000,900.0,600000,1945.0,35100.0,75855.0,524145.0,214900.0
Lewisham,2025-11-09,2045-09-10,250000,900.0,600000,1945.0,36000.0,77800.0,522200.0,214000.0
Lewisham,2025-12-10,2045-09-10,250000,900.0,600000,1945.0,36900.0,79745.0,520255.0,213100.0
Lewisham,2026-01-10,2045-09-10,250000,900.0,600000,1945.0,37800.0,81690.0,518310.0,212200.0
Lewisham,2026-02-07,2045-09-10,250000,900.0,600000,1945.0,38700.0,83635.0,516365.0,211300.0
Lewisham,2026-03-10,2045-09-10,250000,900.0,600000,1945.0,39600.0,85580.0,514420.0,210400.0
Lewisham,2026-04-09,2045-09-10,250000,900.0,600000,1945.0,40500.0,87525.0,512475.0,209500.0
Lewisham,2026-05-10,2045-09-10,250000,900.0,600000,1945.0,41400.0,89470.0,510530.0,208600.0
Lewisham,2026-06-09,2045-09-10,250000,900.0,600000,1945.0,42300.0,91415.0,508585.0,207700.0
Lewisham,2026-07-10,2045-09-10,250000,900.0,600000,1945.0,43200.0,93360.0,506640.0,206800.0
Lewisham,2026-08-10,2045-09-10,250000,900.0,600000,1945.0,44100.0,95305.0,504695.0,205900.0
Lewisham,2026-09-09,2045-09-10,250000,900.0,600000,1945.0,45000.0,97250.0,502750.0,205000.0
Lewisham,2026-10-10,2045-09-10,250000,900.0,600000,1945.0,45900.0,99195.0,500805.0,204100.0
Lewisham,2026-11-09,2045-09-10,250000,900.0,600000,1945.0,46800.0,101140.0,498860.0,203200.0
Lewisham,2026-12-10,2045-09-10,250000,900.0,600000,1945.0,47700.0,103085.0,496915.0,202300.0
Lewisham,2027-01-10,2045-09-10,250000,900.0,600000,1945.0,48600.0,105030.0,494970.0,201400.0
Lewisham,2027-02-07,2045-09-10,250000,900.0,600000,1945.0,49500.0,106975.0,493025.0,200500.0
Lewisham,2027-03-10,2045-09-10,250000,900.0,600000,1945.0,50400.0,108920.0,491080.0,199600.0
Lewisham,2027-04-09,2045-09-10,250000,900.0,600000,1945.0,51300.0,110865.0,489135.0,198700.0
Lewisham,2027-05-10,2045-09-10,250000,900.0,600000,1945.0,52200.0,112810.0,487190.0,197800.0
Lewisham,2027-06-09,2045-09-10,250000,900.0,600000,1945.0,53100.0,114755.0,485245.0,196900.0
Lewisham,2027-07-10,2045-09-10,250000,900.0,600000,1945.0,54000.0,116700.0,483300.0,196000.0
Lewisham,2027-08-10,2045-09-10,250000,900.0,600000,1945.0,54900.0,118645.0,481355.0,195100.0
Lewisham,2027-09-09,2045-09-10,250000,900.0,600000,1945.0,55800.0,120590.0,479410.0,194200.0
Lewisham,2027-10-10,2045-09-10,250000,900.0,600000,1945.0,56700.0,122535.0,477465.0,193300.0
Lewisham,2027-11-09,2045-09-10,250000,900.0,600000,1945.0,57600.0,124480.0,475520.0,192400.0
Lewisham,2027-12-10,2045-09-10,250000,900.0,600000,1945.0,58500.0,126425.0,473575.0,191500.0
Lewisham,2028-01-10,2045-09-10,250000,900.0,600000,1945.0,59400.0,128370.0,471630.0,190600.0
Lewisham,2028-02-08,2045-09-10,250000,900.0,600000,1945.0,60300.0,130315.0,469685.0,189700.0
Lewisham,2028-03-10,2045-09-10,250000,900.0,600000,1945.0,61200.0,132260.0,467740.0,188800.0
Lewisham,2028-04-09,2045-09-10,250000,900.0,600000,1945.0,62100.0,134205.0,465795.0,187900.0
Lewisham,2028-05-10,2045-09-10,250000,900.0,600000,1945.0,63000.0,136150.0,463850.0,187000.0
Lewisham,2028-06-09,2045-09-10,250000,900.0,600000,1945.0,63900.0,138095.0,461905.0,186100.0
Lewisham,2028-07-10,2045-09-10,250000,900.0,600000,1945.0,64800.0,140040.0,459960.0,185200.0
Lewisham,2028-08-10,2045-09-10,250000,900.0,600000,1945.0,65700.0,141985.0,458015.0,184300.0
Lewisham,2028-09-09,2045-09-10,250000,900.0,600000,1945.0,66600.0,143930.0,456070.0,183400.0
Lewisham,2028-10-10,2045-09-10,250000,900.0,600000,1945.0,67500.0,145875.0,454125.0,182500.0
Lewisham,2028-11-09,2045-09-10,250000,900.0,600000,1945.0,68400.0,147820.0,452180.0,181600.0
Lewisham,2028-12-10,2045-09-10,250000,900.0,600000,1945.0,69300.0,149765.0,450235.0,180700.0
Lewisham,2029-01-10,2045-09-10,250000,900.0,600000,1945.0,70200.0,151710.0,448290.0,179800.0
Lewisham,2029-02-07,2045-09-10,250000,900.0,600000,1945.0,71100.0,153655.0,446345.0,178900.0
Lewisham,2029-03-10,2045-09-10,250000,900.0,600000,1945.0,72000.0,155600.0,444400.0,178000.0
Lewisham,2029-04-09,2045-09-10,250000,900.0,600000,1945.0,72900.0,157545.0,442455.0,177100.0
Lewisham,2029-05-10,2045-09-10,250000,900.0,600000,1945.0,73800.0,159490.0,440510.0,176200.0
Lewisham,2029-06-09,2045-09-10,250000,900.0,600000,1945.0,74700.0,161435.0,438565.0,175300.0
Lewisham,2029-07-10,2045-09-10,250000,900.0,600000,1945.0,75600.0,163380.0,436620.0,174400.0
Lewisham,2029-08-10,2045-09-10,250000,900.0,600000,1945.0,76500.0,165325.0,434675.0,173500.0
Lewisham,2029-09-09,2045-09-10,250000,900.0,600000,1945.0,77400.0,167270.0,432730.0,172600.0
Lewisham,2029-10-10,2045-09-10,250000,900.0,600000,1945.0,78300.0,169215.0,430785.0,171700.0
Lewisham,2029-11-09,2045-09-10,250000,900.0,600000,1945.0,79200.0,171160.0,428840.0,170800.0
Lewisham,2029-12-10,2045-09-10,250000,900.0,600000,1945.0,80100.0,173105.0,426895.0,169900.0
Lewisham,2030-01-10,2045-09-10,250000,900.0,600000,1945.0,81000.0,175050.0,424950.0,169000.0
Lewisham,2030-02-07,2045-09-10,250000,900.0,600000,1945.0,81900.0,176995.0,423005.0,168100.0
Lewisham,2030-03-10,2045-09-10,250000,900.0,600000,1945.0,82800.0,178940.0,421060.0,167200.0
Lewisham,2030-04-09,2045-09-10,250000,900.0,600000,1945.0,83700.0,180885.0,419115.0,166300.0
Lewisham,2030-05-10,2045-09-10,250000,900.0,600000,1945.0,84600.0,182830.0,417170.0,165400.0
Lewisham,2030-06-09,2045-09-10,250000,900.0,600000,1945.0,85500.0,184775.0,415225.0,164500.0
Lewisham,2030-07-10,2045-09-10,250000,900.0,600000,1945.0,86400.0,186720.0,413280.0,163600.0
Lewisham,2030-08-10,2045-09-10,250000,900.0,600000,1945.0,87300.0,188665.0,411335.0,162700.0
Lewisham,2030-09-09,2045-09-10,250000,900.0,600000,1945.0,88200.0,190610.0,409390.0,161800.0
Lewisham,2030-10-10,2045-09-10,250000,900.0,600000,1945.0,89100.0,192555.0,407445.0,160900.0
Lewisham,2030-11-09,2045-09-10,250000,900.0,600000,1945.0,90000.0,194500.0,405500.0,160000.0
Lewisham,2030-12-10,2045-09-10,250000,900.0,600000,1945.0,90900.0,196445.0,403555.0,159100.0
Lewisham,2031-01-10,2045-09-10,250000,900.0,600000,1945.0,91800.0,198390.0,401610.0,158200.0
Lewisham,2031-02-07,2045-09-10,250000,900.0,600000,1945.0,92700.0,200335.0,399665.0,157300.0
Lewisham,2031-03-10,2045-09-10,250000,900.0,600000,1945.0,93600.0,202280.0,397720.0,156400.0
Lewisham,2031-04-09,2045-09-10,250000,900.0,600000,1945.0,94500.0,204225.0,395775.0,155500.0
Lewisham,2031-05-10,2045-09-10,250000,900.0,600000,1945.0,95400.0,206170.0,393830.0,154600.0
Lewisham,2031-06-09,2045-09-10,250000,900.0,600000,1945.0,96300.0,208115.0,391885.0,153700.0
Lewisham,2031-07-10,2045-09-10,250000,900.0,600000,1945.0,97200.0,210060.0,389940.0,152800.0
Lewisham,2031-08-10,2045-09-10,250000,900.0,600000,1945.0,98100.0,212005.0,387995.0,151900.0
Lewisham,2031-09-09,2045-09-10,250000,900.0,600000,1945.0,99000.0,213950.0,386050.0,151000.0
Lewisham,2031-10-10,2045-09-10,250000,900.0,600000,1945.0,99900.0,215895.0,384105.0,150100.0
Lewisham,2031-11-09,2045-09-10,250000,900.0,600000,1945.0,100800.0,217840.0,382160.0,149200.0
Lewisham,2031-12-10,2045-09-10,250000,900.0,600000,1945.0,101700.0,219785.0,380215.0,148300.0
Lewisham,2032-01-10,2045-09-10,250000,900.0,600000,1945.0,102600.0,221730.0,378270.0,147400.0
Lewisham,2032-02-08,2045-09-10,250000,900.0,600000,1945.0,103500.0,223675.0,376325.0,146500.0
Lewisham,2032-03-10,2045-09-10,250000,900.0,600000,1945.0,104400.0,225620.0,374380.0,145600.0
Lewisham,2032-04-09,2045-09-10,250000,900.0,600000,1945.0,105300.0,227565.0,372435.0,144700.0
Lewisham,2032-05-10,2045-09-10,250000,900.0,600000,1945.0,106200.0,229510.0,370490.0,143800.0
Lewisham,2032-06-09,2045-09-10,250000,900.0,600000,1945.0,107100.0,231455.0,368545.0,142900.0
Lewisham,2032-07-10,2045-09-10,250000,900.0,600000,1945.0,108000.0,233400.0,366600.0,142000.0
Lewisham,2032-08-10,2045-09-10,250000,900.0,600000,1945.0,108900.0,235345.0,364655.0,141100.0
Lewisham,2032-09-09,2045-09-10,250000,900.0,600000,1945.0,109800.0,237290.0,362710.0,140200.0
Lewisham,2032-10-10,2045-09-10,250000,900.0,600000,1945.0,110700.0,239235.0,360765.0,139300.0
Lewisham,2032-11-09,2045-09-10,250000,900.0,600000,1945.0,111600.0,241180.0,358820.0,138400.0
Lewisham,2032-12-10,2045-09-10,250000,900.0,600000,1945.0,112500.0,243125.0,356875.0,137500.0
Lewisham,2033-01-10,2045-09-10,250000,900.0,600000,1945.0,113400.0,245070.0,354930.0,136600.0
Lewisham,2033-02-07,2045-09-10,250000,900.0,600000,1945.0,114300.0,247015.0,352985.0,135700.0
Lewisham,2033-03-10,2045-09-10,250000,900.0,600000,1945.0,115200.0,248960.0,351040.0,134800.0
Lewisham,2033-04-09,2045-09-10,250000,900.0,600000,1945.0,116100.0,250905.0,349095.0,133900.0
Lewisham,2033-05-10,2045-09-10,250000,900.0,600000,1945.0,117000.0,252850.0,347150.0,133000.0
Lewisham,2033-06-09,2045-09-10,250000,900.0,600000,1945.0,117900.0,254795.0,345205.0,132100.0
Lewisham,2033-07-10,2045-09-10,250000,900.0,600000,1945.0,118800.0,256740.0,343260.0,131200.0
Lewisham,2033-08-10,2045-09-10,250000,900.0,600000,1945.0,119700.0,258685.0,341315.0,130300.0
Lewisham,2033-09-09,2045-09-10,250000,900.0,600000,1945.0,120600.0,260630.0,339370.0,129400.0
Lewisham,2033-10-10,2045-09-10,250000,900.0,600000,1945.0,121500.0,262575.0,337425.0,128500.0
Lewisham,2033-11-09,2045-09-10,250000,900.0,600000,1945.0,122400.0,264520.0,335480.0,127600.0
Lewisham,2033-12-10,2045-09-10,250000,900.0,600000,1945.0,123300.0,266465.0,333535.0,126700.0
Lewisham,2034-01-10,2045-09-10,250000,900.0,600000,1945.0,124200.0,268410.0,331590.0,125800.0
Lewisham,2034-02-07,2045-09-10,250000,900.0,600000,1945.0,125100.0,270355.0,329645.0,124900.0
Lewisham,2034-03-10,2045-09-10,250000,900.0,600000,1945.0,126000.0,272300.0,327700.0,124000.0
Lewisham,2034-04-09,2045-09-10,250000,900.0,600000,1945.0,126900.0,274245.0,325755.0,123100.0
Lewisham,2034-05-10,2045-09-10,250000,900.0,600000,1945.0,127800.0,276190.0,323810.0,122200.0
Lewisham,2034-06-09,2045-09-10,250000,900.0,600000,1945.0,128700.0,278135.0,321865.0,121300.0
Lewisham,2034-07-10,2045-09-10,250000,900.0,600000,1945.0,129600.0,280080.0,319920.0,120400.0
Lewisham,2034-08-10,2045-09-10,250000,900.0,600000,1945.0,130500.0,282025.0,317975.0,119500.0
Lewisham,2034-09-09,2045-09-10,250000,900.0,600000,1945.0,131400.0,283970.0,316030.0,118600.0
Lewisham,2034-10-10,2045-09-10,250000,900.0,600000,1945.0,132300.0,285915.0,314085.0,117700.0
Lewisham,2034-11-09,2045-09-10,250000,900.0,600000,1945.0,133200.0,287860.0,312140.0,116800.0
Lewisham,2034-12-10,2045-09-10,250000,900.0,600000,1945.0,134100.0,289805.0,310195.0,115900.0
Lewisham,2035-01-10,2045-09-10,250000,900.0,600000,1945.0,135000.0,291750.0,308250.0,115000.0
Lewisham,2035-02-07,2045-09-10,250000,900.0,600000,1945.0,135900.0,293695.0,306305.0,114100.0
Lewisham,2035-03-10,2045-09-10,250000,900.0,600000,1945.0,136800.0,295640.0,304360.0,113200.0
Lewisham,2035-04-09,2045-09-10,250000,900.0,600000,1945.0,137700.0,297585.0,302415.0,112300.0
Lewisham,2035-05-10,2045-09-10,250000,900.0,600000,1945.0,138600.0,299530.0,300470.0,111400.0
Lewisham,2035-06-09,2045-09-10,250000,900.0,600000,1945.0,139500.0,301475.0,298525.0,110500.0
Lewisham,2035-07-10,2045-09-10,250000,900.0,600000,1945.0,140400.0,303420.0,296580.0,109600.0
Lewisham,2035-08-10,2045-09-10,250000,900.0,600000,1945.0,141300.0,305365.0,294635.0,108700.0
Lewisham,2035-09-09,2045-09-10,250000,900.0,600000,1945.0,142200.0,307310.0,292690.0,107800.0
Lewisham,2035-10-10,2045-09-10,250000,900.0,600000,1945.0,143100.0,309255.0,290745.0,106900.0
Lewisham,2035-11-09,2045-09-10,250000,900.0,600000,1945.0,144000.0,311200.0,288800.0,106000.0
Lewisham,2035-12-10,2045-09-10,250000,900.0,600000,1945.0,144900.0,313145.0,286855.0,105100.0
Lewisham,2036-01-10,2045-09-10,250000,900.0,600000,1945.0,145800.0,315090.0,284910.0,104200.0
Lewisham,2036-02-08,2045-09-10,250000,900.0,600000,1945.0,146700.0,317035.0,282965.0,103300.0
Lewisham,2036-03-10,2045-09-10,250000,900.0,600000,1945.0,147600.0,318980.0,281020.0,102400.0
Lewisham,2036-04-09,2045-09-10,250000,900.0,600000,1945.0,148500.0,320925.0,279075.0,101500.0
Lewisham,2036-05-10,2045-09-10,250000,900.0,600000,1945.0,149400.0,322870.0,277130.0,100600.0
Lewisham,2036-06-09,2045-09-10,250000,900.0,600000,1945.0,150300.0,324815.0,275185.0,99700.0
Lewisham,2036-07-10,2045-09-10,250000,900.0,600000,1945.0,151200.0,326760.0,273240.0,98800.0
Lewisham,2036-08-10,2045-09-10,250000,900.0,600000,1945.0,152100.0,328705.0,271295.0,97900.0
Lewisham,2036-09-09,2045-09-10,250000,900.0,600000,1945.0,153000.0,330650.0,269350.0,97000.0
Lewisham,2036-10-10,2045-09-10,250000,900.0,600000,1945.0,153900.0,332595.0,267405.0,96100.0
Lewisham,2036-11-09,2045-09-10,250000,900.0,600000,1945.0,154800.0,334540.0,265460.0,95200.0
Lewisham,2036-12-10,2045-09-10,250000,900.0,600000,1945.0,155700.0,336485.0,263515.0,94300.0
Lewisham,2037-01-10,2045-09-10,250000,900.0,600000,1945.0,156600.0,338430.0,261570.0,93400.0
Lewisham,2037-02-07,2045-09-10,250000,900.0,600000,1945.0,157500.0,340375.0,259625.0,92500.0
Lewisham,2037-03-10,2045-09-10,250000,900.0,600000,1945.0,158400.0,342320.0,257680.0,91600.0
Lewisham,2037-04-09,2045-09-10,250000,900.0,600000,1945.0,159300.0,344265.0,255735.0,90700.0
Lewisham,2037-05-10,2045-09-10,250000,900.0,600000,1945.0,160200.0,346210.0,253790.0,89800.0
Lewisham,2037-06-09,2045-09-10,250000,900.0,600000,1945.0,161100.0,348155.0,251845.0,88900.0
Lewisham,2037-07-10,2045-09-10,250000,900.0,600000,1945.0,162000.0,350100.0,249900.0,88000.0
Lewisham,2037-08-10,2045-09-10,250000,900.0,600000,1945.0,162900.0,352045.0,247955.0,87100.0
Lewisham,2037-09-09,2045-09-10,250000,900.0,600000,1945.0,163800.0,353990.0,246010.0,86200.0
Lewisham,2037-10-10,2045-09-10,250000,900.0,600000,1945.0,164700.0,355935.0,244065.0,85300.0
Lewisham,2037-11-09,2045-09-10,250000,900.0,600000,1945.0,165600.0,357880.0,242120.0,84400.0
Lewisham,2037-12-10,2045-09-10,250000,900.0,600000,1945.0,166500.0,359825.0,240175.0,83500.0
Lewisham,2038-01-10,2045-09-10,250000,900.0,600000,1945.0,167400.0,361770.0,238230.0,82600.0
Lewisham,2038-02-07,2045-09-10,250000,900.0,600000,1945.0,168300.0,363715.0,236285.0,81700.0
Lewisham,2038-03-10,2045-09-10,250000,900.0,600000,1945.0,169200.0,365660.0,234340.0,80800.0
Lewisham,2038-04-09,2045-09-10,250000,900.0,600000,1945.0,170100.0,367605.0,232395.0,79900.0
Lewisham,2038-05-10,2045-09-10,250000,900.0,600000,1945.0,171000.0,369550.0,230450.0,79000.0
Lewisham,2038-06-09,2045-09-10,250000,900.0,600000,1945.0,171900.0,371495.0,228505.0,78100.0
Lewisham,2038-07-10,2045-09-10,250000,900.0,600000,1945.0,172800.0,373440.0,226560.0,77200.0
Lewisham,2038-08-10,2045-09-10,250000,900.0,600000,1945.0,173700.0,375385.0,224615.0,76300.0
Lewisham,2038-09-09,2045-09-10,250000,900.0,600000,1945.0,174600.0,377330.0,222670.0,75400.0
Lewisham,2038-10-10,2045-09-10,250000,900.0,600000,1945.0,175500.0,379275.0,220725.0,74500.0
Lewisham,2038-11-09,2045-09-10,250000,900.0,600000,1945.0,176400.0,381220.0,218780.0,73600.0
Lewisham,2038-12-10,2045-09-10,250000,900.0,600000,1945.0,177300.0,383165.0,216835.0,72700.0
Lewisham,2039-01-10,2045-09-10,250000,900.0,600000,1945.0,178200.0,385110.0,214890.0,71800.0
Lewisham,2039-02-07,2045-09-10,250000,900.0,600000,1945.0,179100.0,387055.0,212945.0,70900.0
Lewisham,2039-03-10,2045-09-10,250000,900.0,600000,1945.0,180000.0,389000.0,211000.0,70000.0
Lewisham,2039-04-09,2045-09-10,250000,900.0,600000,1945.0,180900.0,390945.0,209055.0,69100.0
Lewisham,2039-05-10,2045-09-10,250000,900.0,600000,1945.0,181800.0,392890.0,207110.0,68200.0
Lewisham,2039-06-09,2045-09-10,250000,900.0,600000,1945.0,182700.0,394835.0,205165.0,67300.0
Lewisham,2039-07-10,2045-09-10,250000,900.0,600000,1945.0,183600.0,396780.0,203220.0,66400.0
Lewisham,2039-08-10,2045-09-10,250000,900.0,600000,1945.0,184500.0,398725.0,201275.0,65500.0
Lewisham,2039-09-09,2045-09-10,250000,900.0,600000,1945.0,185400.0,400670.0,199330.0,64600.0
Lewisham,2039-10-10,2045-09-10,250000,900.0,600000,1945.0,186300.0,402615.0,197385.0,63700.0
Lewisham,2039-11-09,2045-09-10,250000,900.0,600000,1945.0,187200.0,404560.0,195440.0,62800.0
Lewisham,2039-12-10,2045-09-10,250000,900.0,600000,1945.0,188100.0,406505.0,193495.0,61900.0
Lewisham,2040-01-10,2045-09-10,250000,900.0,600000,1945.0,189000.0,408450.0,191550.0,61000.0
Lewisham,2040-02-08,2045-09-10,250000,900.0,600000,1945.0,189900.0,410395.0,189605.0,60100.0
Lewisham,2040-03-10,2045-09-10,250000,900.0,600000,1945.0,190800.0,412340.0,187660.0,59200.0
Lewisham,2040-04-09,2045-09-10,250000,900.0,600000,1945.0,191700.0,414285.0,185715.0,58300.0
Lewisham,2040-05-10,2045-09-10,250000,900.0,600000,1945.0,192600.0,416230.0,183770.0,57400.0
Lewisham,2040-06-09,2045-09-10,250000,900.0,600000,1945.0,193500.0,418175.0,181825.0,56500.0
Lewisham,2040-07-10,2045-09-10,250000,900.0,600000,1945.0,194400.0,420120.0,179880.0,55600.0
Lewisham,2040-08-10,2045-09-10,250000,900.0,600000,1945.0,195300.0,422065.0,177935.0,54700.0
Lewisham,2040-09-09,2045-09-10,250000,900.0,600000,1945.0,196200.0,424010.0,175990.0,53800.0
Lewisham,2040-10-10,2045-09-10,250000,900.0,600000,1945.0,197100.0,425955.0,174045.0,52900.0
Lewisham,2040-11-09,2045-09-10,250000,900.0,600000,1945.0,198000.0,427900.0,172100.0,52000.0
Lewisham,2040-12-10,2045-09-10,250000,900.0,600000,1945.0,198900.0,429845.0,170155.0,51100.0
Lewisham,2041-01-10,2045-09-10,250000,900.0,600000,1945.0,199800.0,431790.0,168210.0,50200.0
Lewisham,2041-02-07,2045-09-10,250000,900.0,600000,1945.0,200700.0,433735.0,166265.0,49300.0
Lewisham,2041-03-10,2045-09-10,250000,900.0,600000,1945.0,201600.0,435680.0,164320.0,48400.0
Lewisham,2041-04-09,2045-09-10,250000,900.0,600000,1945.0,202500.0,437625.0,162375.0,47500.0
Lewisham,2041-05-10,2045-09-10,250000,900.0,600000,1945.0,203400.0,439570.0,160430.0,46600.0
Lewisham,2041-06-09,2045-09-10,250000,900.0,600000,1945.0,204300.0,441515.0,158485.0,45700.0
Lewisham,2041-07-10,2045-09-10,250000,900.0,600000,1945.0,205200.0,443460.0,156540.0,44800.0
Lewisham,2041-08-10,2045-09-10,250000,900.0,600000,1945.0,206100.0,445405.0,154595.0,43900.0
Lewisham,2041-09-09,2045-09-10,250000,900.0,600000,1945.0,207000.0,447350.0,152650.0,43000.0
Lewisham,2041-10-10,2045-09-10,250000,900.0,600000,1945.0,207900.0,449295.0,150705.0,42100.0
Lewisham,2041-11-09,2045-09-10,250000,900.0,600000,1945.0,208800.0,451240.0,148760.0,41200.0
Lewisham,2041-12-10,2045-09-10,250000,900.0,600000,1945.0,209700.0,453185.0,146815.0,40300.0
Lewisham,2042-01-10,2045-09-10,250000,900.0,600000,1945.0,210600.0,455130.0,144870.0,39400.0
Lewisham,2042-02-07,2045-09-10,250000,900.0,600000,1945.0,211500.0,457075.0,142925.0,38500.0
Lewisham,2042-03-10,2045-09-10,250000,900.0,600000,1945.0,212400.0,459020.0,140980.0,37600.0
Lewisham,2042-04-09,2045-09-10,250000,900.0,600000,1945.0,213300.0,460965.0,139035.0,36700.0
Lewisham,2042-05-10,2045-09-10,250000,900.0,600000,1945.0,214200.0,462910.0,137090.0,35800.0
Lewisham,2042-06-09,2045-09-10,250000,900.0,600000,1945.0,215100.0,464855.0,135145.0,34900.0
Lewisham,2042-07-10,2045-09-10,250000,900.0,600000,1945.0,216000.0,466800.0,133200.0,34000.0
Lewisham,2042-08-10,2045-09-10,250000,900.0,600000,1945.0,216900.0,468745.0,131255.0,33100.0
Lewisham,2042-09-09,2045-09-10,250000,900.0,600000,1945.0,217800.0,470690.0,129310.0,32200.0
Lewisham,2042-10-10,2045-09-10,250000,900.0,600000,1945.0,218700.0,472635.0,127365.0,31300.0
Lewisham,2042-11-09,2045-09-10,250000,900.0,600000,1945.0,219600.0,474580.0,125420.0,30400.0
Lewisham,2042-12-10,2045-09-10,250000,900.0,600000,1945.0,220500.0,476525.0,123475.0,29500.0
Lewisham,2043-01-10,2045-09-10,250000,900.0,600000,1945.0,221400.0,478470.0,121530.0,28600.0
Lewisham,2043-02-07,2045-09-10,250000,900.0,600000,1945.0,222300.0,480415.0,119585.0,27700.0
Lewisham,2043-03-10,2045-09-10,250000,900.0,600000,1945.0,223200.0,482360.0,117640.0,26800.0
Lewisham,2043-04-09,2045-09-10,250000,900.0,600000,1945.0,224100.0,484305.0,115695.0,25900.0
Lewisham,2043-05-10,2045-09-10,250000,900.0,600000,1945.0,225000.0,486250.0,113750.0,25000.0
Lewisham,2043-06-09,2045-09-10,250000,900.0,600000,1945.0,225900.0,488195.0,111805.0,24100.0
Lewisham,2043-07-10,2045-09-10,250000,900.0,600000,1945.0,226800.0,490140.0,109860.0,23200.0
Lewisham,2043-08-10,2045-09-10,250000,900.0,600000,1945.0,227700.0,492085.0,107915.0,22300.0
Lewisham,2043-09-09,2045-09-10,250000,900.0,600000,1945.0,228600.0,494030.0,105970.0,21400.0
Lewisham,2043-10-10,2045-09-10,250000,900.0,600000,1945.0,229500.0,495975.0,104025.0,20500.0
Lewisham,2043-11-09,2045-09-10,250000,900.0,600000,1945.0,230400.0,497920.0,102080.0,19600.0
Lewisham,2043-12-10,2045-09-10,250000,900.0,600000,1945.0,231300.0,499865.0,100135.0,18700.0
Lewisham,2044-01-10,2045-09-10,250000,900.0,600000,1945.0,232200.0,501810.0,98190.0,17800.0
Lewisham,2044-02-08,2045-09-10,250000,900.0,600000,1945.0,233100.0,503755.0,96245.0,16900.0
Lewisham,2044-03-10,2045-09-10,250000,900.0,600000,1945.0,234000.0,505700.0,94300.0,16000.0
Lewisham,2044-04-09,2045-09-10,250000,900.0,600000,1945.0,234900.0,507645.0,92355.0,15100.0
Lewisham,2044-05-10,2045-09-10,250000,900.0,600000,1945.0,235800.0,509590.0,90410.0,14200.0
Lewisham,2044-06-09,2045-09-10,250000,900.0,600000,1945.0,236700.0,511535.0,88465.0,13300.0
Lewisham,2044-07-10,2045-09-10,250000,900.0,600000,1945.0,237600.0,513480.0,86520.0,12400.0
Lewisham,2044-08-10,2045-09-10,250000,900.0,600000,1945.0,238500.0,515425.0,84575.0,11500.0
Lewisham,2044-09-09,2045-09-10,250000,900.0,600000,1945.0,239400.0,517370.0,82630.0,10600.0
Lewisham,2044-10-10,2045-09-10,250000,900.0,600000,1945.0,240300.0,519315.0,80685.0,9700.0
Lewisham,2044-11-09,2045-09-10,250000,900.0,600000,1945.0,241200.0,521260.0,78740.0,8800.0
Lewisham,2044-12-10,2045-09-10,250000,900.0,600000,1945.0,242100.0,523205.0,76795.0,7900.0
Lewisham,2045-01-10,2045-09-10,250000,900.0,600000,1945.0,243000.0,525150.0,74850.0,7000.0
Lewisham,2045-02-07,2045-09-10,250000,900.0,600000,1945.0,243900.0,527095.0,72905.0,6100.0
Lewisham,2045-03-10,2045-09-10,250000,900.0,600000,1945.0,244800.0,529040.0,70960.0,5200.0
Lewisham,2045-04-09,2045-09-10,250000,900.0,600000,1945.0,245700.0,530985.0,69015.0,4300.0
Lewisham,2045-05-10,2045-09-10,250000,900.0,600000,1945.0,246600.0,532930.0,67070.0,3400.0
Lewisham,2045-06-09,2045-09-10,250000,900.0,600000,1945.0,247500.0,534875.0,65125.0,2500.0
Lewisham,2045-07-10,2045-09-10,250000,900.0,600000,1945.0,248400.0,536820.0,63180.0,1600.0
Lewisham,2045-08-10,2045-09-10,250000,900.0,600000,1945.0,249300.0,538765.0,61235.0,700.0
Lewisham,2045-09-09,2045-09-10,250000,900.0,600000,1945.0,250200.0,540710.0,59290.0,-200.0
Wimbledon,2022-08-10,2050-06-10,350000,1045.0,600000,1945.0,1045.0,1945.0,598055.0,348955.0
Wimbledon,2022-09-09,2050-06-10,350000,1045.0,600000,1945.0,2090.0,3890.0,596110.0,347910.0
Wimbledon,2022-10-10,2050-06-10,350000,1045.0,600000,1945.0,3135.0,5835.0,594165.0,346865.0
Wimbledon,2022-11-09,2050-06-10,350000,1045.0,600000,1945.0,4180.0,7780.0,592220.0,345820.0
Wimbledon,2022-12-10,2050-06-10,350000,1045.0,600000,1945.0,5225.0,9725.0,590275.0,344775.0
Wimbledon,2023-01-10,2050-06-10,350000,1045.0,600000,1945.0,6270.0,11670.0,588330.0,343730.0
Wimbledon,2023-02-07,2050-06-10,350000,1045.0,600000,1945.0,7315.0,13615.0,586385.0,342685.0
Wimbledon,2023-03-10,2050-06-10,350000,1045.0,600000,1945.0,8360.0,15560.0,584440.0,341640.0
Wimbledon,2023-04-09,2050-06-10,350000,1045.0,600000,1945.0,9405.0,17505.0,582495.0,340595.0
Wimbledon,2023-05-10,2050-06-10,350000,1045.0,600000,1945.0,10450.0,19450.0,580550.0,339550.0
Wimbledon,2023-06-09,2050-06-10,350000,1045.0,600000,1945.0,11495.0,21395.0,578605.0,338505.0
Wimbledon,2023-07-10,2050-06-10,350000,1045.0,600000,1945.0,12540.0,23340.0,576660.0,337460.0
Wimbledon,2023-08-10,2050-06-10,350000,1045.0,600000,1945.0,13585.0,25285.0,574715.0,336415.0
Wimbledon,2023-09-09,2050-06-10,350000,1045.0,600000,1945.0,14630.0,27230.0,572770.0,335370.0
Wimbledon,2023-10-10,2050-06-10,350000,1045.0,600000,1945.0,15675.0,29175.0,570825.0,334325.0
Wimbledon,2023-11-09,2050-06-10,350000,1045.0,600000,1945.0,16720.0,31120.0,568880.0,333280.0
Wimbledon,2023-12-10,2050-06-10,350000,1045.0,600000,1945.0,17765.0,33065.0,566935.0,332235.0
Wimbledon,2024-01-10,2050-06-10,350000,1045.0,600000,1945.0,18810.0,35010.0,564990.0,331190.0
Wimbledon,2024-02-08,2050-06-10,350000,1045.0,600000,1945.0,19855.0,36955.0,563045.0,330145.0
Wimbledon,2024-03-10,2050-06-10,350000,1045.0,600000,1945.0,20900.0,38900.0,561100.0,329100.0
Wimbledon,2024-04-09,2050-06-10,350000,1045.0,600000,1945.0,21945.0,40845.0,559155.0,328055.0
Wimbledon,2024-05-10,2050-06-10,350000,1045.0,600000,1945.0,22990.0,42790.0,557210.0,327010.0
Wimbledon,2024-06-09,2050-06-10,350000,1045.0,600000,1945.0,24035.0,44735.0,555265.0,325965.0
Wimbledon,2024-07-10,2050-06-10,350000,1045.0,600000,1945.0,25080.0,46680.0,553320.0,324920.0
Wimbledon,2024-08-10,2050-06-10,350000,1045.0,600000,1945.0,26125.0,48625.0,551375.0,323875.0
Wimbledon,2024-09-09,2050-06-10,350000,1045.0,600000,1945.0,27170.0,50570.0,549430.0,322830.0
Wimbledon,2024-10-10,2050-06-10,350000,1045.0,600000,1945.0,28215.0,52515.0,547485.0,321785.0
Wimbledon,2024-11-09,2050-06-10,350000,1045.0,600000,1945.0,29260.0,54460.0,545540.0,320740.0
Wimbledon,2024-12-10,2050-06-10,350000,1045.0,600000,1945.0,30305.0,56405.0,543595.0,319695.0
Wimbledon,2025-01-10,2050-06-10,350000,1045.0,600000,1945.0,31350.0,58350.0,541650.0,318650.0
Wimbledon,2025-02-07,2050-06-10,350000,1045.0,600000,1945.0,32395.0,60295.0,539705.0,317605.0
Wimbledon,2025-03-10,2050-06-10,350000,1045.0,600000,1945.0,33440.0,62240.0,537760.0,316560.0
Wimbledon,2025-04-09,2050-06-10,350000,1045.0,600000,1945.0,34485.0,64185.0,535815.0,315515.0
Wimbledon,2025-05-10,2050-06-10,350000,1045.0,600000,1945.0,35530.0,66130.0,533870.0,314470.0
Wimbledon,2025-06-09,2050-06-10,350000,1045.0,600000,1945.0,36575.0,68075.0,531925.0,313425.0
Wimbledon,2025-07-10,2050-06-10,350000,1045.0,600000,1945.0,37620.0,70020.0,529980.0,312380.0
Wimbledon,2025-08-10,2050-06-10,350000,1045.0,600000,1945.0,38665.0,71965.0,528035.0,311335.0
Wimbledon,2025-09-09,2050-06-10,350000,1045.0,600000,1945.0,39710.0,73910.0,526090.0,310290.0
Wimbledon,2025-10-10,2050-06-10,350000,1045.0,600000,1945.0,40755.0,75855.0,524145.0,309245.0
Wimbledon,2025-11-09,2050-06-10,350000,1045.0,600000,1945.0,41800.0,77800.0,522200.0,308200.0
Wimbledon,2025-12-10,2050-06-10,350000,1045.0,600000,1945.0,42845.0,79745.0,520255.0,307155.0
Wimbledon,2026-01-10,2050-06-10,350000,1045.0,600000,1945.0,43890.0,81690.0,518310.0,306110.0
Wimbledon,2026-02-07,2050-06-10,350000,1045.0,600000,1945.0,44935.0,83635.0,516365.0,305065.0
Wimbledon,2026-03-10,2050-06-10,350000,1045.0,600000,1945.0,45980.0,85580.0,514420.0,304020.0
Wimbledon,2026-04-09,2050-06-10,350000,1045.0,600000,1945.0,47025.0,87525.0,512475.0,302975.0
Wimbledon,2026-05-10,2050-06-10,350000,1045.0,600000,1945.0,48070.0,89470.0,510530.0,301930.0
Wimbledon,2026-06-09,2050-06-10,350000,1045.0,600000,1945.0,49115.0,91415.0,508585.0,300885.0
Wimbledon,2026-07-10,2050-06-10,350000,1045.0,600000,1945.0,50160.0,93360.0,506640.0,299840.0
Wimbledon,2026-08-10,2050-06-10,350000,1045.0,600000,1945.0,51205.0,95305.0,504695.0,298795.0
Wimbledon,2026-09-09,2050-06-10,350000,1045.0,600000,1945.0,52250.0,97250.0,502750.0,297750.0
Wimbledon,2026-10-10,2050-06-10,350000,1045.0,600000,1945.0,53295.0,99195.0,500805.0,296705.0
Wimbledon,2026-11-09,2050-06-10,350000,1045.0,600000,1945.0,54340.0,101140.0,498860.0,295660.0
Wimbledon,2026-12-10,2050-06-10,350000,1045.0,600000,1945.0,55385.0,103085.0,496915.0,294615.0
Wimbledon,2027-01-10,2050-06-10,350000,1045.0,600000,1945.0,56430.0,105030.0,494970.0,293570.0
Wimbledon,2027-02-07,2050-06-10,350000,1045.0,600000,1945.0,57475.0,106975.0,493025.0,292525.0
Wimbledon,2027-03-10,2050-06-10,350000,1045.0,600000,1945.0,58520.0,108920.0,491080.0,291480.0
Wimbledon,2027-04-09,2050-06-10,350000,1045.0,600000,1945.0,59565.0,110865.0,489135.0,290435.0
Wimbledon,2027-05-10,2050-06-10,350000,1045.0,600000,1945.0,60610.0,112810.0,487190.0,289390.0
Wimbledon,2027-06-09,2050-06-10,350000,1045.0,600000,1945.0,61655.0,114755.0,485245.0,288345.0
Wimbledon,2027-07-10,2050-06-10,350000,1045.0,600000,1945.0,62700.0,116700.0,483300.0,287300.0
Wimbledon,2027-08-10,2050-06-10,350000,1045.0,600000,1945.0,63745.0,118645.0,481355.0,286255.0
Wimbledon,2027-09-09,2050-06-10,350000,1045.0,600000,1945.0,64790.0,120590.0,479410.0,285210.0
Wimbledon,2027-10-10,2050-06-10,350000,1045.0,600000,1945.0,65835.0,122535.0,477465.0,284165.0
Wimbledon,2027-11-09,2050-06-10,350000,1045.0,600000,1945.0,66880.0,124480.0,475520.0,283120.0
Wimbledon,2027-12-10,2050-06-10,350000,1045.0,600000,1945.0,67925.0,126425.0,473575.0,282075.0
Wimbledon,2028-01-10,2050-06-10,350000,1045.0,600000,1945.0,68970.0,128370.0,471630.0,281030.0
Wimbledon,2028-02-08,2050-06-10,350000,1045.0,600000,1945.0,70015.0,130315.0,469685.0,279985.0
Wimbledon,2028-03-10,2050-06-10,350000,1045.0,600000,1945.0,71060.0,132260.0,467740.0,278940.0
Wimbledon,2028-04-09,2050-06-10,350000,1045.0,600000,1945.0,72105.0,134205.0,465795.0,277895.0
Wimbledon,2028-05-10,2050-06-10,350000,1045.0,600000,1945.0,73150.0,136150.0,463850.0,276850.0
Wimbledon,2028-06-09,2050-06-10,350000,1045.0,600000,1945.0,74195.0,138095.0,461905.0,275805.0
Wimbledon,2028-07-10,2050-06-10,350000,1045.0,600000,1945.0,75240.0,140040.0,459960.0,274760.0
Wimbledon,2028-08-10,2050-06-10,350000,1045.0,600000,1945.0,76285.0,141985.0,458015.0,273715.0
Wimbledon,2028-09-09,2050-06-10,350000,1045.0,600000,1945.0,77330.0,143930.0,456070.0,272670.0
Wimbledon,2028-10-10,2050-06-10,350000,1045.0,600000,1945.0,78375.0,145875.0,454125.0,271625.0
Wimbledon,2028-11-09,2050-06-10,350000,1045.0,600000,1945.0,79420.0,147820.0,452180.0,270580.0
Wimbledon,2028-12-10,2050-06-10,350000,1045.0,600000,1945.0,80465.0,149765.0,450235.0,269535.0
Wimbledon,2029-01-10,2050-06-10,350000,1045.0,600000,1945.0,81510.0,151710.0,448290.0,268490.0
Wimbledon,2029-02-07,2050-06-10,350000,1045.0,600000,1945.0,82555.0,153655.0,446345.0,267445.0
Wimbledon,2029-03-10,2050-06-10,350000,1045.0,600000,1945.0,83600.0,155600.0,444400.0,266400.0
Wimbledon,2029-04-09,2050-06-10,350000,1045.0,600000,1945.0,84645.0,157545.0,442455.0,265355.0
Wimbledon,2029-05-10,2050-06-10,350000,1045.0,600000,1945.0,85690.0,159490.0,440510.0,264310.0
Wimbledon,2029-06-09,2050-06-10,350000,1045.0,600000,1945.0,86735.0,161435.0,438565.0,263265.0
Wimbledon,2029-07-10,2050-06-10,350000,1045.0,600000,1945.0,87780.0,163380.0,436620.0,262220.0
Wimbledon,2029-08-10,2050-06-10,350000,1045.0,600000,1945.0,88825.0,165325.0,434675.0,261175.0
Wimbledon,2029-09-09,2050-06-10,350000,1045.0,600000,1945.0,89870.0,167270.0,432730.0,260130.0
Wimbledon,2029-10-10,2050-06-10,350000,1045.0,600000,1945.0,90915.0,169215.0,430785.0,259085.0
Wimbledon,2029-11-09,2050-06-10,350000,1045.0,600000,1945.0,91960.0,171160.0,428840.0,258040.0
Wimbledon,2029-12-10,2050-06-10,350000,1045.0,600000,1945.0,93005.0,173105.0,426895.0,256995.0
Wimbledon,2030-01-10,2050-06-10,350000,1045.0,600000,1945.0,94050.0,175050.0,424950.0,255950.0
Wimbledon,2030-02-07,2050-06-10,350000,1045.0,600000,1945.0,95095.0,176995.0,423005.0,254905.0
Wimbledon,2030-03-10,2050-06-10,350000,1045.0,600000,1945.0,96140.0,178940.0,421060.0,253860.0
Wimbledon,2030-04-09,2050-06-10,350000,1045.0,600000,1945.0,97185.0,180885.0,419115.0,252815.0
Wimbledon,2030-05-10,2050-06-10,350000,1045.0,600000,1945.0,98230.0,182830.0,417170.0,251770.0
Wimbledon,2030-06-09,2050-06-10,350000,1045.0,600000,1945.0,99275.0,184775.0,415225.0,250725.0
Wimbledon,2030-07-10,2050-06-10,350000,1045.0,600000,1945.0,100320.0,186720.0,413280.0,249680.0
Wimbledon,2030-08-10,2050-06-10,350000,1045.0,600000,1945.0,101365.0,188665.0,411335.0,248635.0
Wimbledon,2030-09-09,2050-06-10,350000,1045.0,600000,1945.0,102410.0,190610.0,409390.0,247590.0
Wimbledon,2030-10-10,2050-06-10,350000,1045.0,600000,1945.0,103455.0,192555.0,407445.0,246545.0
Wimbledon,2030-11-09,2050-06-10,350000,1045.0,600000,1945.0,104500.0,194500.0,405500.0,245500.0
Wimbledon,2030-12-10,2050-06-10,350000,1045.0,600000,1945.0,105545.0,196445.0,403555.0,244455.0
Wimbledon,2031-01-10,2050-06-10,350000,1045.0,600000,1945.0,106590.0,198390.0,401610.0,243410.0
Wimbledon,2031-02-07,2050-06-10,350000,1045.0,600000,1945.0,107635.0,200335.0,399665.0,242365.0
Wimbledon,2031-03-10,2050-06-10,350000,1045.0,600000,1945.0,108680.0,202280.0,397720.0,241320.0
Wimbledon,2031-04-09,2050-06-10,350000,1045.0,600000,1945.0,109725.0,204225.0,395775.0,240275.0
Wimbledon,2031-05-10,2050-06-10,350000,1045.0,600000,1945.0,110770.0,206170.0,393830.0,239230.0
Wimbledon,2031-06-09,2050-06-10,350000,1045.0,600000,1945.0,111815.0,208115.0,391885.0,238185.0
Wimbledon,2031-07-10,2050-06-10,350000,1045.0,600000,1945.0,112860.0,210060.0,389940.0,237140.0
Wimbledon,2031-08-10,2050-06-10,350000,1045.0,600000,1945.0,113905.0,212005.0,387995.0,236095.0
Wimbledon,2031-09-09,2050-06-10,350000,1045.0,600000,1945.0,114950.0,213950.0,386050.0,235050.0
Wimbledon,2031-10-10,2050-06-10,350000,1045.0,600000,1945.0,115995.0,215895.0,384105.0,234005.0
Wimbledon,2031-11-09,2050-06-10,350000,1045.0,600000,1945.0,117040.0,217840.0,382160.0,232960.0
Wimbledon,2031-12-10,2050-06-10,350000,1045.0,600000,1945.0,118085.0,219785.0,380215.0,231915.0
Wimbledon,2032-01-10,2050-06-10,350000,1045.0,600000,1945.0,119130.0,221730.0,378270.0,230870.0
Wimbledon,2032-02-08,2050-06-10,350000,1045.0,600000,1945.0,120175.0,223675.0,376325.0,229825.0
Wimbledon,2032-03-10,2050-06-10,350000,1045.0,600000,1945.0,121220.0,225620.0,374380.0,228780.0
Wimbledon,2032-04-09,2050-06-10,350000,1045.0,600000,1945.0,122265.0,227565.0,372435.0,227735.0
Wimbledon,2032-05-10,2050-06-10,350000,1045.0,600000,1945.0,123310.0,229510.0,370490.0,226690.0
Wimbledon,2032-06-09,2050-06-10,350000,1045.0,600000,1945.0,124355.0,231455.0,368545.0,225645.0
Wimbledon,2032-07-10,2050-06-10,350000,1045.0,600000,1945.0,125400.0,233400.0,366600.0,224600.0
Wimbledon,2032-08-10,2050-06-10,350000,1045.0,600000,1945.0,126445.0,235345.0,364655.0,223555.0
Wimbledon,2032-09-09,2050-06-10,350000,1045.0,600000,1945.0,127490.0,237290.0,362710.0,222510.0
Wimbledon,2032-10-10,2050-06-10,350000,1045.0,600000,1945.0,128535.0,239235.0,360765.0,221465.0
Wimbledon,2032-11-09,2050-06-10,350000,1045.0,600000,1945.0,129580.0,241180.0,358820.0,220420.0
Wimbledon,2032-12-10,2050-06-10,350000,1045.0,600000,1945.0,130625.0,243125.0,356875.0,219375.0
Wimbledon,2033-01-10,2050-06-10,350000,1045.0,600000,1945.0,131670.0,245070.0,354930.0,218330.0
Wimbledon,2033-02-07,2050-06-10,350000,1045.0,600000,1945.0,132715.0,247015.0,352985.0,217285.0
Wimbledon,2033-03-10,2050-06-10,350000,1045.0,600000,1945.0,133760.0,248960.0,351040.0,216240.0
Wimbledon,2033-04-09,2050-06-10,350000,1045.0,600000,1945.0,134805.0,250905.0,349095.0,215195.0
Wimbledon,2033-05-10,2050-06-10,350000,1045.0,600000,1945.0,135850.0,252850.0,347150.0,214150.0
Wimbledon,2033-06-09,2050-06-10,350000,1045.0,600000,1945.0,136895.0,254795.0,345205.0,213105.0
Wimbledon,2033-07-10,2050-06-10,350000,1045.0,600000,1945.0,137940.0,256740.0,343260.0,212060.0
Wimbledon,2033-08-10,2050-06-10,350000,1045.0,600000,1945.0,138985.0,258685.0,341315.0,211015.0
Wimbledon,2033-09-09,2050-06-10,350000,1045.0,600000,1945.0,140030.0,260630.0,339370.0,209970.0
Wimbledon,2033-10-10,2050-06-10,350000,1045.0,600000,1945.0,141075.0,262575.0,337425.0,208925.0
Wimbledon,2033-11-09,2050-06-10,350000,1045.0,600000,1945.0,142120.0,264520.0,335480.0,207880.0
Wimbledon,2033-12-10,2050-06-10,350000,1045.0,600000,1945.0,143165.0,266465.0,333535.0,206835.0
Wimbledon,2034-01-10,2050-06-10,350000,1045.0,600000,1945.0,144210.0,268410.0,331590.0,205790.0
Wimbledon,2034-02-07,2050-06-10,350000,1045.0,600000,1945.0,145255.0,270355.0,329645.0,204745.0
Wimbledon,2034-03-10,2050-06-10,350000,1045.0,600000,1945.0,146300.0,272300.0,327700.0,203700.0
Wimbledon,2034-04-09,2050-06-10,350000,1045.0,600000,1945.0,147345.0,274245.0,325755.0,202655.0
Wimbledon,2034-05-10,2050-06-10,350000,1045.0,600000,1945.0,148390.0,276190.0,323810.0,201610.0
Wimbledon,2034-06-09,2050-06-10,350000,1045.0,600000,1945.0,149435.0,278135.0,321865.0,200565.0
Wimbledon,2034-07-10,2050-06-10,350000,1045.0,600000,1945.0,150480.0,280080.0,319920.0,199520.0
Wimbledon,2034-08-10,2050-06-10,350000,1045.0,600000,1945.0,151525.0,282025.0,317975.0,198475.0
Wimbledon,2034-09-09,2050-06-10,350000,1045.0,600000,1945.0,152570.0,283970.0,316030.0,197430.0
Wimbledon,2034-10-10,2050-06-10,350000,1045.0,600000,1945.0,153615.0,285915.0,314085.0,196385.0
Wimbledon,2034-11-09,2050-06-10,350000,1045.0,600000,1945.0,154660.0,287860.0,312140.0,195340.0
Wimbledon,2034-12-10,2050-06-10,350000,1045.0,600000,1945.0,155705.0,289805.0,310195.0,194295.0
Wimbledon,2035-01-10,2050-06-10,350000,1045.0,600000,1945.0,156750.0,291750.0,308250.0,193250.0
Wimbledon,2035-02-07,2050-06-10,350000,1045.0,600000,1945.0,157795.0,293695.0,306305.0,192205.0
Wimbledon,2035-03-10,2050-06-10,350000,1045.0,600000,1945.0,158840.0,295640.0,304360.0,191160.0
Wimbledon,2035-04-09,2050-06-10,350000,1045.0,600000,1945.0,159885.0,297585.0,302415.0,190115.0
Wimbledon,2035-05-10,2050-06-10,350000,1045.0,600000,1945.0,160930.0,299530.0,300470.0,189070.0
Wimbledon,2035-06-09,2050-06-10,350000,1045.0,600000,1945.0,161975.0,301475.0,298525.0,188025.0
Wimbledon,2035-07-10,2050-06-10,350000,1045.0,600000,1945.0,163020.0,303420.0,296580.0,186980.0
Wimbledon,2035-08-10,2050-06-10,350000,1045.0,600000,1945.0,164065.0,305365.0,294635.0,185935.0
Wimbledon,2035-09-09,2050-06-10,350000,1045.0,600000,1945.0,165110.0,307310.0,292690.0,184890.0
Wimbledon,2035-10-10,2050-06-10,350000,1045.0,600000,1945.0,166155.0,309255.0,290745.0,183845.0
Wimbledon,2035-11-09,2050-06-10,350000,1045.0,600000,1945.0,167200.0,311200.0,288800.0,182800.0
Wimbledon,2035-12-10,2050-06-10,350000,1045.0,600000,1945.0,168245.0,313145.0,286855.0,181755.0
Wimbledon,2036-01-10,2050-06-10,350000,1045.0,600000,1945.0,169290.0,315090.0,284910.0,180710.0
Wimbledon,2036-02-08,2050-06-10,350000,1045.0,600000,1945.0,170335.0,317035.0,282965.0,179665.0
Wimbledon,2036-03-10,2050-06-10,350000,1045.0,600000,1945.0,171380.0,318980.0,281020.0,178620.0
Wimbledon,2036-04-09,2050-06-10,350000,1045.0,600000,1945.0,172425.0,320925.0,279075.0,177575.0
Wimbledon,2036-05-10,2050-06-10,350000,1045.0,600000,1945.0,173470.0,322870.0,277130.0,176530.0
Wimbledon,2036-06-09,2050-06-10,350000,1045.0,600000,1945.0,174515.0,324815.0,275185.0,175485.0
Wimbledon,2036-07-10,2050-06-10,350000,1045.0,600000,1945.0,175560.0,326760.0,273240.0,174440.0
Wimbledon,2036-08-10,2050-06-10,350000,1045.0,600000,1945.0,176605.0,328705.0,271295.0,173395.0
Wimbledon,2036-09-09,2050-06-10,350000,1045.0,600000,1945.0,177650.0,330650.0,269350.0,172350.0
Wimbledon,2036-10-10,2050-06-10,350000,1045.0,600000,1945.0,178695.0,332595.0,267405.0,171305.0
Wimbledon,2036-11-09,2050-06-10,350000,1045.0,600000,1945.0,179740.0,334540.0,265460.0,170260.0
Wimbledon,2036-12-10,2050-06-10,350000,1045.0,600000,1945.0,180785.0,336485.0,263515.0,169215.0
Wimbledon,2037-01-10,2050-06-10,350000,1045.0,600000,1945.0,181830.0,338430.0,261570.0,168170.0
Wimbledon,2037-02-07,2050-06-10,350000,1045.0,600000,1945.0,182875.0,340375.0,259625.0,167125.0
Wimbledon,2037-03-10,2050-06-10,350000,1045.0,600000,1945.0,183920.0,342320.0,257680.0,166080.0
Wimbledon,2037-04-09,2050-06-10,350000,1045.0,600000,1945.0,184965.0,344265.0,255735.0,165035.0
Wimbledon,2037-05-10,2050-06-10,350000,1045.0,600000,1945.0,186010.0,346210.0,253790.0,163990.0
Wimbledon,2037-06-09,2050-06-10,350000,1045.0,600000,1945.0,187055.0,348155.0,251845.0,162945.0
Wimbledon,2037-07-10,2050-06-10,350000,1045.0,600000,1945.0,188100.0,350100.0,249900.0,161900.0
Wimbledon,2037-08-10,2050-06-10,350000,1045.0,600000,1945.0,189145.0,352045.0,247955.0,160855.0
Wimbledon,2037-09-09,2050-06-10,350000,1045.0,600000,1945.0,190190.0,353990.0,246010.0,159810.0
Wimbledon,2037-10-10,2050-06-10,350000,1045.0,600000,1945.0,191235.0,355935.0,244065.0,158765.0
Wimbledon,2037-11-09,2050-06-10,350000,1045.0,600000,1945.0,192280.0,357880.0,242120.0,157720.0
Wimbledon,2037-12-10,2050-06-10,350000,1045.0,600000,1945.0,193325.0,359825.0,240175.0,156675.0
Wimbledon,2038-01-10,2050-06-10,350000,1045.0,600000,1945.0,194370.0,361770.0,238230.0,155630.0
Wimbledon,2038-02-07,2050-06-10,350000,1045.0,600000,1945.0,195415.0,363715.0,236285.0,154585.0
Wimbledon,2038-03-10,2050-06-10,350000,1045.0,600000,1945.0,196460.0,365660.0,234340.0,153540.0
Wimbledon,2038-04-09,2050-06-10,350000,1045.0,600000,1945.0,197505.0,367605.0,232395.0,152495.0
Wimbledon,2038-05-10,2050-06-10,350000,1045.0,600000,1945.0,198550.0,369550.0,230450.0,151450.0
Wimbledon,2038-06-09,2050-06-10,350000,1045.0,600000,1945.0,199595.0,371495.0,228505.0,150405.0
Wimbledon,2038-07-10,2050-06-10,350000,1045.0,600000,1945.0,200640.0,373440.0,226560.0,149360.0
Wimbledon,2038-08-10,2050-06-10,350000,1045.0,600000,1945.0,201685.0,375385.0,224615.0,148315.0
Wimbledon,2038-09-09,2050-06-10,350000,1045.0,600000,1945.0,202730.0,377330.0,222670.0,147270.0
Wimbledon,2038-10-10,2050-06-10,350000,1045.0,600000,1945.0,203775.0,379275.0,220725.0,146225.0
Wimbledon,2038-11-09,2050-06-10,350000,1045.0,600000,1945.0,204820.0,381220.0,218780.0,145180.0
Wimbledon,2038-12-10,2050-06-10,350000,1045.0,600000,1945.0,205865.0,383165.0,216835.0,144135.0
Wimbledon,2039-01-10,2050-06-10,350000,1045.0,600000,1945.0,206910.0,385110.0,214890.0,143090.0
Wimbledon,2039-02-07,2050-06-10,350000,1045.0,600000,1945.0,207955.0,387055.0,212945.0,142045.0
Wimbledon,2039-03-10,2050-06-10,350000,1045.0,600000,1945.0,209000.0,389000.0,211000.0,141000.0
Wimbledon,2039-04-09,2050-06-10,350000,1045.0,600000,1945.0,210045.0,390945.0,209055.0,139955.0
Wimbledon,2039-05-10,2050-06-10,350000,1045.0,600000,1945.0,211090.0,392890.0,207110.0,138910.0
Wimbledon,2039-06-09,2050-06-10,350000,1045.0,600000,1945.0,212135.0,394835.0,205165.0,137865.0
Wimbledon,2039-07-10,2050-06-10,350000,1045.0,600000,1945.0,213180.0,396780.0,203220.0,136820.0
Wimbledon,2039-08-10,2050-06-10,350000,1045.0,600000,1945.0,214225.0,398725.0,201275.0,135775.0
Wimbledon,2039-09-09,2050-06-10,350000,1045.0,600000,1945.0,215270.0,400670.0,199330.0,134730.0
Wimbledon,2039-10-10,2050-06-10,350000,1045.0,600000,1945.0,216315.0,402615.0,197385.0,133685.0
Wimbledon,2039-11-09,2050-06-10,350000,1045.0,600000,1945.0,217360.0,404560.0,195440.0,132640.0
Wimbledon,2039-12-10,2050-06-10,350000,1045.0,600000,1945.0,218405.0,406505.0,193495.0,131595.0
Wimbledon,2040-01-10,2050-06-10,350000,1045.0,600000,1945.0,219450.0,408450.0,191550.0,130550.0
Wimbledon,2040-02-08,2050-06-10,350000,1045.0,600000,1945.0,220495.0,410395.0,189605.0,129505.0
Wimbledon,2040-03-10,2050-06-10,350000,1045.0,600000,1945.0,221540.0,412340.0,187660.0,128460.0
Wimbledon,2040-04-09,2050-06-10,350000,1045.0,600000,1945.0,222585.0,414285.0,185715.0,127415.0
Wimbledon,2040-05-10,2050-06-10,350000,1045.0,600000,1945.0,223630.0,416230.0,183770.0,126370.0
Wimbledon,2040-06-09,2050-06-10,350000,1045.0,600000,1945.0,224675.0,418175.0,181825.0,125325.0
Wimbledon,2040-07-10,2050-06-10,350000,1045.0,600000,1945.0,225720.0,420120.0,179880.0,124280.0
Wimbledon,2040-08-10,2050-06-10,350000,1045.0,600000,1945.0,226765.0,422065.0,177935.0,123235.0
Wimbledon,2040-09-09,2050-06-10,350000,1045.0,600000,1945.0,227810.0,424010.0,175990.0,122190.0
Wimbledon,2040-10-10,2050-06-10,350000,1045.0,600000,1945.0,228855.0,425955.0,174045.0,121145.0
Wimbledon,2040-11-09,2050-06-10,350000,1045.0,600000,1945.0,229900.0,427900.0,172100.0,120100.0
Wimbledon,2040-12-10,2050-06-10,350000,1045.0,600000,1945.0,230945.0,429845.0,170155.0,119055.0
Wimbledon,2041-01-10,2050-06-10,350000,1045.0,600000,1945.0,231990.0,431790.0,168210.0,118010.0
Wimbledon,2041-02-07,2050-06-10,350000,1045.0,600000,1945.0,233035.0,433735.0,166265.0,116965.0
Wimbledon,2041-03-10,2050-06-10,350000,1045.0,600000,1945.0,234080.0,435680.0,164320.0,115920.0
Wimbledon,2041-04-09,2050-06-10,350000,1045.0,600000,1945.0,235125.0,437625.0,162375.0,114875.0
Wimbledon,2041-05-10,2050-06-10,350000,1045.0,600000,1945.0,236170.0,439570.0,160430.0,113830.0
Wimbledon,2041-06-09,2050-06-10,350000,1045.0,600000,1945.0,237215.0,441515.0,158485.0,112785.0
Wimbledon,2041-07-10,2050-06-10,350000,1045.0,600000,1945.0,238260.0,443460.0,156540.0,111740.0
Wimbledon,2041-08-10,2050-06-10,350000,1045.0,600000,1945.0,239305.0,445405.0,154595.0,110695.0
Wimbledon,2041-09-09,2050-06-10,350000,1045.0,600000,1945.0,240350.0,447350.0,152650.0,109650.0
Wimbledon,2041-10-10,2050-06-10,350000,1045.0,600000,1945.0,241395.0,449295.0,150705.0,108605.0
Wimbledon,2041-11-09,2050-06-10,350000,1045.0,600000,1945.0,242440.0,451240.0,148760.0,107560.0
Wimbledon,2041-12-10,2050-06-10,350000,1045.0,600000,1945.0,243485.0,453185.0,146815.0,106515.0
Wimbledon,2042-01-10,2050-06-10,350000,1045.0,600000,1945.0,244530.0,455130.0,144870.0,105470.0
Wimbledon,2042-02-07,2050-06-10,350000,1045.0,600000,1945.0,245575.0,457075.0,142925.0,104425.0
Wimbledon,2042-03-10,2050-06-10,350000,1045.0,600000,1945.0,246620.0,459020.0,140980.0,103380.0
Wimbledon,2042-04-09,2050-06-10,350000,1045.0,600000,1945.0,247665.0,460965.0,139035.0,102335.0
Wimbledon,2042-05-10,2050-06-10,350000,1045.0,600000,1945.0,248710.0,462910.0,137090.0,101290.0
Wimbledon,2042-06-09,2050-06-10,350000,1045.0,600000,1945.0,249755.0,464855.0,135145.0,100245.0
Wimbledon,2042-07-10,2050-06-10,350000,1045.0,600000,1945.0,250800.0,466800.0,133200.0,99200.0
Wimbledon,2042-08-10,2050-06-10,350000,1045.0,600000,1945.0,251845.0,468745.0,131255.0,98155.0
Wimbledon,2042-09-09,2050-06-10,350000,1045.0,600000,1945.0,252890.0,470690.0,129310.0,97110.0
Wimbledon,2042-10-10,2050-06-10,350000,1045.0,600000,1945.0,253935.0,472635.0,127365.0,96065.0
Wimbledon,2042-11-09,2050-06-10,350000,1045.0,600000,1945.0,254980.0,474580.0,125420.0,95020.0
Wimbledon,2042-12-10,2050-06-10,350000,1045.0,600000,1945.0,256025.0,476525.0,123475.0,93975.0
Wimbledon,2043-01-10,2050-06-10,350000,1045.0,600000,1945.0,257070.0,478470.0,121530.0,92930.0
Wimbledon,2043-02-07,2050-06-10,350000,1045.0,600000,1945.0,258115.0,480415.0,119585.0,91885.0
Wimbledon,2043-03-10,2050-06-10,350000,1045.0,600000,1945.0,259160.0,482360.0,117640.0,90840.0
Wimbledon,2043-04-09,2050-06-10,350000,1045.0,600000,1945.0,260205.0,484305.0,115695.0,89795.0
Wimbledon,2043-05-10,2050-06-10,350000,1045.0,600000,1945.0,261250.0,486250.0,113750.0,88750.0
Wimbledon,2043-06-09,2050-06-10,350000,1045.0,600000,1945.0,262295.0,488195.0,111805.0,87705.0
Wimbledon,2043-07-10,2050-06-10,350000,1045.0,600000,1945.0,263340.0,490140.0,109860.0,86660.0
Wimbledon,2043-08-10,2050-06-10,350000,1045.0,600000,1945.0,264385.0,492085.0,107915.0,85615.0
Wimbledon,2043-09-09,2050-06-10,350000,1045.0,600000,1945.0,265430.0,494030.0,105970.0,84570.0
Wimbledon,2043-10-10,2050-06-10,350000,1045.0,600000,1945.0,266475.0,495975.0,104025.0,83525.0
Wimbledon,2043-11-09,2050-06-10,350000,1045.0,600000,1945.0,267520.0,497920.0,102080.0,82480.0
Wimbledon,2043-12-10,2050-06-10,350000,1045.0,600000,1945.0,268565.0,499865.0,100135.0,81435.0
Wimbledon,2044-01-10,2050-06-10,350000,1045.0,600000,1945.0,269610.0,501810.0,98190.0,80390.0
Wimbledon,2044-02-08,2050-06-10,350000,1045.0,600000,1945.0,270655.0,503755.0,96245.0,79345.0
Wimbledon,2044-03-10,2050-06-10,350000,1045.0,600000,1945.0,271700.0,505700.0,94300.0,78300.0
Wimbledon,2044-04-09,2050-06-10,350000,1045.0,600000,1945.0,272745.0,507645.0,92355.0,77255.0
Wimbledon,2044-05-10,2050-06-10,350000,1045.0,600000,1945.0,273790.0,509590.0,90410.0,76210.0
Wimbledon,2044-06-09,2050-06-10,350000,1045.0,600000,1945.0,274835.0,511535.0,88465.0,75165.0
Wimbledon,2044-07-10,2050-06-10,350000,1045.0,600000,1945.0,275880.0,513480.0,86520.0,74120.0
Wimbledon,2044-08-10,2050-06-10,350000,1045.0,600000,1945.0,276925.0,515425.0,84575.0,73075.0
Wimbledon,2044-09-09,2050-06-10,350000,1045.0,600000,1945.0,277970.0,517370.0,82630.0,72030.0
Wimbledon,2044-10-10,2050-06-10,350000,1045.0,600000,1945.0,279015.0,519315.0,80685.0,70985.0
Wimbledon,2044-11-09,2050-06-10,350000,1045.0,600000,1945.0,280060.0,521260.0,78740.0,69940.0
Wimbledon,2044-12-10,2050-06-10,350000,1045.0,600000,1945.0,281105.0,523205.0,76795.0,68895.0
Wimbledon,2045-01-10,2050-06-10,350000,1045.0,600000,1945.0,282150.0,525150.0,74850.0,67850.0
Wimbledon,2045-02-07,2050-06-10,350000,1045.0,600000,1945.0,283195.0,527095.0,72905.0,66805.0
Wimbledon,2045-03-10,2050-06-10,350000,1045.0,600000,1945.0,284240.0,529040.0,70960.0,65760.0
Wimbledon,2045-04-09,2050-06-10,350000,1045.0,600000,1945.0,285285.0,530985.0,69015.0,64715.0
Wimbledon,2045-05-10,2050-06-10,350000,1045.0,600000,1945.0,286330.0,532930.0,67070.0,63670.0
Wimbledon,2045-06-09,2050-06-10,350000,1045.0,600000,1945.0,287375.0,534875.0,65125.0,62625.0
Wimbledon,2045-07-10,2050-06-10,350000,1045.0,600000,1945.0,288420.0,536820.0,63180.0,61580.0
Wimbledon,2045-08-10,2050-06-10,350000,1045.0,600000,1945.0,289465.0,538765.0,61235.0,60535.0
Wimbledon,2045-09-09,2050-06-10,350000,1045.0,600000,1945.0,290510.0,540710.0,59290.0,59490.0
Wimbledon,2045-10-10,2050-06-10,350000,1045.0,600000,1945.0,291555.0,291555.0,308445.0,58445.0
Wimbledon,2045-11-09,2050-06-10,350000,1045.0,600000,1945.0,292600.0,292600.0,307400.0,57400.0
Wimbledon,2045-12-10,2050-06-10,350000,1045.0,600000,1945.0,293645.0,293645.0,306355.0,56355.0
Wimbledon,2046-01-10,2050-06-10,350000,1045.0,600000,1945.0,294690.0,294690.0,305310.0,55310.0
Wimbledon,2046-02-07,2050-06-10,350000,1045.0,600000,1945.0,295735.0,295735.0,304265.0,54265.0
Wimbledon,2046-03-10,2050-06-10,350000,1045.0,600000,1945.0,296780.0,296780.0,303220.0,53220.0
Wimbledon,2046-04-09,2050-06-10,350000,1045.0,600000,1945.0,297825.0,297825.0,302175.0,52175.0
Wimbledon,2046-05-10,2050-06-10,350000,1045.0,600000,1945.0,298870.0,298870.0,301130.0,51130.0
Wimbledon,2046-06-09,2050-06-10,350000,1045.0,600000,1945.0,299915.0,299915.0,300085.0,50085.0
Wimbledon,2046-07-10,2050-06-10,350000,1045.0,600000,1945.0,300960.0,300960.0,299040.0,49040.0
Wimbledon,2046-08-10,2050-06-10,350000,1045.0,600000,1945.0,302005.0,302005.0,297995.0,47995.0
Wimbledon,2046-09-09,2050-06-10,350000,1045.0,600000,1945.0,303050.0,303050.0,296950.0,46950.0
Wimbledon,2046-10-10,2050-06-10,350000,1045.0,600000,1945.0,304095.0,304095.0,295905.0,45905.0
Wimbledon,2046-11-09,2050-06-10,350000,1045.0,600000,1945.0,305140.0,305140.0,294860.0,44860.0
Wimbledon,2046-12-10,2050-06-10,350000,1045.0,600000,1945.0,306185.0,306185.0,293815.0,43815.0
Wimbledon,2047-01-10,2050-06-10,350000,1045.0,600000,1945.0,307230.0,307230.0,292770.0,42770.0
Wimbledon,2047-02-07,2050-06-10,350000,1045.0,600000,1945.0,308275.0,308275.0,291725.0,41725.0
Wimbledon,2047-03-10,2050-06-10,350000,1045.0,600000,1945.0,309320.0,309320.0,290680.0,40680.0
Wimbledon,2047-04-09,2050-06-10,350000,1045.0,600000,1945.0,310365.0,310365.0,289635.0,39635.0
Wimbledon,2047-05-10,2050-06-10,350000,1045.0,600000,1945.0,311410.0,311410.0,288590.0,38590.0
Wimbledon,2047-06-09,2050-06-10,350000,1045.0,600000,1945.0,312455.0,312455.0,287545.0,37545.0
Wimbledon,2047-07-10,2050-06-10,350000,1045.0,600000,1945.0,313500.0,313500.0,286500.0,36500.0
Wimbledon,2047-08-10,2050-06-10,350000,1045.0,600000,1945.0,314545.0,314545.0,285455.0,35455.0
Wimbledon,2047-09-09,2050-06-10,350000,1045.0,600000,1945.0,315590.0,315590.0,284410.0,34410.0
Wimbledon,2047-10-10,2050-06-10,350000,1045.0,600000,1945.0,316635.0,316635.0,283365.0,33365.0
Wimbledon,2047-11-09,2050-06-10,350000,1045.0,600000,1945.0,317680.0,317680.0,282320.0,32320.0
Wimbledon,2047-12-10,2050-06-10,350000,1045.0,600000,1945.0,318725.0,318725.0,281275.0,31275.0
Wimbledon,2048-01-10,2050-06-10,350000,1045.0,600000,1945.0,319770.0,319770.0,280230.0,30230.0
Wimbledon,2048-02-08,2050-06-10,350000,1045.0,600000,1945.0,320815.0,320815.0,279185.0,29185.0
Wimbledon,2048-03-10,2050-06-10,350000,1045.0,600000,1945.0,321860.0,321860.0,278140.0,28140.0
Wimbledon,2048-04-09,2050-06-10,350000,1045.0,600000,1945.0,322905.0,322905.0,277095.0,27095.0
Wimbledon,2048-05-10,2050-06-10,350000,1045.0,600000,1945.0,323950.0,323950.0,276050.0,26050.0
Wimbledon,2048-06-09,2050-06-10,350000,1045.0,600000,1945.0,324995.0,324995.0,275005.0,25005.0
Wimbledon,2048-07-10,2050-06-10,350000,1045.0,600000,1945.0,326040.0,326040.0,273960.0,23960.0
Wimbledon,2048-08-10,2050-06-10,350000,1045.0,600000,1945.0,327085.0,327085.0,272915.0,22915.0
Wimbledon,2048-09-09,2050-06-10,350000,1045.0,600000,1945.0,328130.0,328130.0,271870.0,21870.0
Wimbledon,2048-10-10,2050-06-10,350000,1045.0,600000,1945.0,329175.0,329175.0,270825.0,20825.0
Wimbledon,2048-11-09,2050-06-10,350000,1045.0,600000,1945.0,330220.0,330220.0,269780.0,19780.0
Wimbledon,2048-12-10,2050-06-10,350000,1045.0,600000,1945.0,331265.0,331265.0,268735.0,18735.0
Wimbledon,2049-01-10,2050-06-10,350000,1045.0,600000,1945.0,332310.0,332310.0,267690.0,17690.0
Wimbledon,2049-02-07,2050-06-10,350000,1045.0,600000,1945.0,333355.0,333355.0,266645.0,16645.0
Wimbledon,2049-03-10,2050-06-10,350000,1045.0,600000,1945.0,334400.0,334400.0,265600.0,15600.0
Wimbledon,2049-04-09,2050-06-10,350000,1045.0,600000,1945.0,335445.0,335445.0,264555.0,14555.0
Wimbledon,2049-05-10,2050-06-10,350000,1045.0,600000,1945.0,336490.0,336490.0,263510.0,13510.0
Wimbledon,2049-06-09,2050-06-10,350000,1045.0,600000,1945.0,337535.0,337535.0,262465.0,12465.0
Wimbledon,2049-07-10,2050-06-10,350000,1045.0,600000,1945.0,338580.0,338580.0,261420.0,11420.0
Wimbledon,2049-08-10,2050-06-10,350000,1045.0,600000,1945.0,339625.0,339625.0,260375.0,10375.0
Wimbledon,2049-09-09,2050-06-10,350000,1045.0,600000,1945.0,340670.0,340670.0,259330.0,9330.0
Wimbledon,2049-10-10,2050-06-10,350000,1045.0,600000,1945.0,341715.0,341715.0,258285.0,8285.0
Wimbledon,2049-11-09,2050-06-10,350000,1045.0,600000,1945.0,342760.0,342760.0,257240.0,7240.0
Wimbledon,2049-12-10,2050-06-10,350000,1045.0,600000,1945.0,343805.0,343805.0,256195.0,6195.0
Wimbledon,2050-01-10,2050-06-10,350000,1045.0,600000,1945.0,344850.0,344850.0,255150.0,5150.0
Wimbledon,2050-02-07,2050-06-10,350000,1045.0,600000,1945.0,345895.0,345895.0,254105.0,4105.0
Wimbledon,2050-03-10,2050-06-10,350000,1045.0,600000,1945.0,346940.0,346940.0,253060.0,3060.0
Wimbledon,2050-04-09,2050-06-10,350000,1045.0,600000,1945.0,347985.0,347985.0,252015.0,2015.0
Wimbledon,2050-05-10,2050-06-10,350000,1045.0,600000,1945.0,349030.0,349030.0,250970.0,970.0
Wimbledon,2050-06-09,2050-06-10,350000,1045.0,600000,1945.0,350075.0,350075.0,249925.0,-75.0
